ContractName,Date,OpenSharePrice,HighSharePrice,LowSharePrice,CloseSharePrice,TradeVolume
DeSantis,8/17/2024 12:00:00 AM,$0.01,$0.01,$0.01,$0.01,0
Trump,8/17/2024 12:00:00 AM,$0.46,$0.46,$0.44,$0.46,28359
Biden,8/17/2024 12:00:00 AM,$0.01,$0.01,$0.01,$0.01,22
Harris,8/17/2024 12:00:00 AM,$0.57,$0.58,$0.57,$0.57,23553
Buttigieg,8/17/2024 12:00:00 AM,$0.01,$0.01,$0.01,$0.01,0
Newsom,8/17/2024 12:00:00 AM,$0.01,$0.01,$0.01,$0.01,0
Ramaswamy,8/17/2024 12:00:00 AM,$0.01,$0.01,$0.01,$0.01,0
Scott,8/17/2024 12:00:00 AM,$0.01,$0.01,$0.01,$0.01,0
RFK Jr.,8/17/2024 12:00:00 AM,$0.01,$0.03,$0.01,$0.02,4827
Haley,8/17/2024 12:00:00 AM,$0.01,$0.02,$0.01,$0.02,18835
DeSantis,8/18/2024 12:00:00 AM,$0.01,$0.01,$0.01,$0.01,0
Trump,8/18/2024 12:00:00 AM,$0.46,$0.46,$0.44,$0.46,27541
Biden,8/18/2024 12:00:00 AM,$0.01,$0.01,$0.01,$0.01,200
Harris,8/18/2024 12:00:00 AM,$0.57,$0.58,$0.56,$0.56,111337
Buttigieg,8/18/2024 12:00:00 AM,$0.01,$0.01,$0.01,$0.01,0
Newsom,8/18/2024 12:00:00 AM,$0.01,$0.01,$0.01,$0.01,841
Ramaswamy,8/18/2024 12:00:00 AM,$0.01,$0.01,$0.01,$0.01,0
Scott,8/18/2024 12:00:00 AM,$0.01,$0.01,$0.01,$0.01,0
RFK Jr.,8/18/2024 12:00:00 AM,$0.02,$0.02,$0.01,$0.02,158
Haley,8/18/2024 12:00:00 AM,$0.02,$0.02,$0.01,$0.01,1276
DeSantis,8/19/2024 12:00:00 AM,$0.01,$0.01,$0.01,$0.01,0
Trump,8/19/2024 12:00:00 AM,$0.46,$0.46,$0.45,$0.46,27403
Biden,8/19/2024 12:00:00 AM,$0.01,$0.01,$0.01,$0.01,1729
Harris,8/19/2024 12:00:00 AM,$0.56,$0.58,$0.56,$0.56,45970
Buttigieg,8/19/2024 12:00:00 AM,$0.01,$0.01,$0.01,$0.01,9999
Newsom,8/19/2024 12:00:00 AM,$0.01,$0.01,$0.01,$0.01,2112
Ramaswamy,8/19/2024 12:00:00 AM,$0.01,$0.01,$0.01,$0.01,0
Scott,8/19/2024 12:00:00 AM,$0.01,$0.01,$0.01,$0.01,0
RFK Jr.,8/19/2024 12:00:00 AM,$0.02,$0.02,$0.01,$0.02,8167
Haley,8/19/2024 12:00:00 AM,$0.01,$0.02,$0.01,$0.01,3394
DeSantis,8/20/2024 12:00:00 AM,$0.01,$0.01,$0.01,$0.01,20000
Trump,8/20/2024 12:00:00 AM,$0.46,$0.48,$0.45,$0.48,64958
Biden,8/20/2024 12:00:00 AM,$0.01,$0.01,$0.01,$0.01,1746
Harris,8/20/2024 12:00:00 AM,$0.56,$0.57,$0.56,$0.56,42502
Buttigieg,8/20/2024 12:00:00 AM,$0.01,$0.01,$0.01,$0.01,0
Newsom,8/20/2024 12:00:00 AM,$0.01,$0.01,$0.01,$0.01,0
Ramaswamy,8/20/2024 12:00:00 AM,$0.01,$0.01,$0.01,$0.01,0
Scott,8/20/2024 12:00:00 AM,$0.01,$0.01,$0.01,$0.01,0
RFK Jr.,8/20/2024 12:00:00 AM,$0.02,$0.02,$0.01,$0.01,60420
Haley,8/20/2024 12:00:00 AM,$0.01,$0.02,$0.01,$0.01,22637
DeSantis,8/21/2024 12:00:00 AM,$0.01,$0.01,$0.01,$0.01,0
Trump,8/21/2024 12:00:00 AM,$0.48,$0.51,$0.46,$0.50,84732
Biden,8/21/2024 12:00:00 AM,$0.01,$0.01,$0.01,$0.01,1593
Harris,8/21/2024 12:00:00 AM,$0.56,$0.57,$0.53,$0.53,85427
Buttigieg,8/21/2024 12:00:00 AM,$0.01,$0.01,$0.01,$0.01,0
Newsom,8/21/2024 12:00:00 AM,$0.01,$0.01,$0.01,$0.01,291
Ramaswamy,8/21/2024 12:00:00 AM,$0.01,$0.01,$0.01,$0.01,0
Scott,8/21/2024 12:00:00 AM,$0.01,$0.01,$0.01,$0.01,0
RFK Jr.,8/21/2024 12:00:00 AM,$0.01,$0.02,$0.01,$0.02,60338
Haley,8/21/2024 12:00:00 AM,$0.01,$0.02,$0.01,$0.01,5556
DeSantis,8/22/2024 12:00:00 AM,$0.01,$0.01,$0.01,$0.01,913
Trump,8/22/2024 12:00:00 AM,$0.50,$0.50,$0.48,$0.49,51657
Biden,8/22/2024 12:00:00 AM,$0.01,$0.01,$0.01,$0.01,1916
Harris,8/22/2024 12:00:00 AM,$0.53,$0.54,$0.52,$0.53,56539
Buttigieg,8/22/2024 12:00:00 AM,$0.01,$0.01,$0.01,$0.01,0
Newsom,8/22/2024 12:00:00 AM,$0.01,$0.01,$0.01,$0.01,0
Ramaswamy,8/22/2024 12:00:00 AM,$0.01,$0.01,$0.01,$0.01,885
Scott,8/22/2024 12:00:00 AM,$0.01,$0.01,$0.01,$0.01,1
RFK Jr.,8/22/2024 12:00:00 AM,$0.02,$0.02,$0.01,$0.01,61303
Haley,8/22/2024 12:00:00 AM,$0.01,$0.02,$0.01,$0.02,3160
DeSantis,8/23/2024 12:00:00 AM,$0.01,$0.01,$0.01,$0.01,18961
Trump,8/23/2024 12:00:00 AM,$0.49,$0.49,$0.47,$0.49,61893
Biden,8/23/2024 12:00:00 AM,$0.01,$0.01,$0.01,$0.01,227
Harris,8/23/2024 12:00:00 AM,$0.53,$0.56,$0.53,$0.55,53954
Buttigieg,8/23/2024 12:00:00 AM,$0.01,$0.01,$0.01,$0.01,1004
Newsom,8/23/2024 12:00:00 AM,$0.01,$0.01,$0.01,$0.01,922
Ramaswamy,8/23/2024 12:00:00 AM,$0.01,$0.01,$0.01,$0.01,914
Scott,8/23/2024 12:00:00 AM,$0.01,$0.01,$0.01,$0.01,0
RFK Jr.,8/23/2024 12:00:00 AM,$0.01,$0.01,$0.01,$0.01,2603
Haley,8/23/2024 12:00:00 AM,$0.02,$0.02,$0.01,$0.02,13697
DeSantis,8/24/2024 12:00:00 AM,$0.01,$0.01,$0.01,$0.01,300
Trump,8/24/2024 12:00:00 AM,$0.49,$0.49,$0.48,$0.49,18831
Biden,8/24/2024 12:00:00 AM,$0.01,$0.01,$0.01,$0.01,550
Harris,8/24/2024 12:00:00 AM,$0.55,$0.55,$0.54,$0.54,15783
Buttigieg,8/24/2024 12:00:00 AM,$0.01,$0.01,$0.01,$0.01,0
Newsom,8/24/2024 12:00:00 AM,$0.01,$0.01,$0.01,$0.01,0
Ramaswamy,8/24/2024 12:00:00 AM,$0.01,$0.01,$0.01,$0.01,0
Scott,8/24/2024 12:00:00 AM,$0.01,$0.01,$0.01,$0.01,0
RFK Jr.,8/24/2024 12:00:00 AM,$0.01,$0.01,$0.01,$0.01,1200
Haley,8/24/2024 12:00:00 AM,$0.02,$0.02,$0.01,$0.02,38392
DeSantis,8/25/2024 12:00:00 AM,$0.01,$0.01,$0.01,$0.01,868
Trump,8/25/2024 12:00:00 AM,$0.49,$0.49,$0.48,$0.48,27158
Biden,8/25/2024 12:00:00 AM,$0.01,$0.01,$0.01,$0.01,3167
Harris,8/25/2024 12:00:00 AM,$0.54,$0.56,$0.54,$0.56,29665
Buttigieg,8/25/2024 12:00:00 AM,$0.01,$0.01,$0.01,$0.01,858
Newsom,8/25/2024 12:00:00 AM,$0.01,$0.01,$0.01,$0.01,41693
Ramaswamy,8/25/2024 12:00:00 AM,$0.01,$0.01,$0.01,$0.01,0
Scott,8/25/2024 12:00:00 AM,$0.01,$0.01,$0.01,$0.01,858
RFK Jr.,8/25/2024 12:00:00 AM,$0.01,$0.01,$0.01,$0.01,4538
Haley,8/25/2024 12:00:00 AM,$0.02,$0.02,$0.01,$0.01,3582
DeSantis,8/26/2024 12:00:00 AM,$0.01,$0.01,$0.01,$0.01,1000
Trump,8/26/2024 12:00:00 AM,$0.48,$0.49,$0.47,$0.47,19796
Biden,8/26/2024 12:00:00 AM,$0.01,$0.01,$0.01,$0.01,172
Harris,8/26/2024 12:00:00 AM,$0.56,$0.56,$0.55,$0.55,25636
Buttigieg,8/26/2024 12:00:00 AM,$0.01,$0.01,$0.01,$0.01,0
Newsom,8/26/2024 12:00:00 AM,$0.01,$0.01,$0.01,$0.01,30876
Ramaswamy,8/26/2024 12:00:00 AM,$0.01,$0.01,$0.01,$0.01,0
Scott,8/26/2024 12:00:00 AM,$0.01,$0.01,$0.01,$0.01,0
RFK Jr.,8/26/2024 12:00:00 AM,$0.01,$0.01,$0.01,$0.01,10911
Haley,8/26/2024 12:00:00 AM,$0.01,$0.02,$0.01,$0.01,3348
DeSantis,8/27/2024 12:00:00 AM,$0.01,$0.01,$0.01,$0.01,5416
Trump,8/27/2024 12:00:00 AM,$0.47,$0.48,$0.47,$0.47,22846
Biden,8/27/2024 12:00:00 AM,$0.01,$0.01,$0.01,$0.01,403
Harris,8/27/2024 12:00:00 AM,$0.55,$0.56,$0.55,$0.56,20291
Buttigieg,8/27/2024 12:00:00 AM,$0.01,$0.01,$0.01,$0.01,0
Newsom,8/27/2024 12:00:00 AM,$0.01,$0.01,$0.01,$0.01,25873
Ramaswamy,8/27/2024 12:00:00 AM,$0.01,$0.01,$0.01,$0.01,0
Scott,8/27/2024 12:00:00 AM,$0.01,$0.01,$0.01,$0.01,0
RFK Jr.,8/27/2024 12:00:00 AM,$0.01,$0.01,$0.01,$0.01,6867
Haley,8/27/2024 12:00:00 AM,$0.01,$0.02,$0.01,$0.01,969
DeSantis,8/28/2024 12:00:00 AM,$0.01,$0.01,$0.01,$0.01,50
Trump,8/28/2024 12:00:00 AM,$0.47,$0.48,$0.47,$0.48,19171
Biden,8/28/2024 12:00:00 AM,$0.01,$0.01,$0.01,$0.01,434
Harris,8/28/2024 12:00:00 AM,$0.56,$0.56,$0.54,$0.55,16372
Buttigieg,8/28/2024 12:00:00 AM,$0.01,$0.01,$0.01,$0.01,0
Newsom,8/28/2024 12:00:00 AM,$0.01,$0.01,$0.01,$0.01,100
Ramaswamy,8/28/2024 12:00:00 AM,$0.01,$0.01,$0.01,$0.01,0
Scott,8/28/2024 12:00:00 AM,$0.01,$0.01,$0.01,$0.01,0
RFK Jr.,8/28/2024 12:00:00 AM,$0.01,$0.01,$0.01,$0.01,1
Haley,8/28/2024 12:00:00 AM,$0.01,$0.02,$0.01,$0.02,1473
DeSantis,8/29/2024 12:00:00 AM,$0.01,$0.01,$0.01,$0.01,40
Trump,8/29/2024 12:00:00 AM,$0.48,$0.49,$0.47,$0.49,35266
Biden,8/29/2024 12:00:00 AM,$0.01,$0.01,$0.01,$0.01,1153
Harris,8/29/2024 12:00:00 AM,$0.55,$0.56,$0.54,$0.54,23890
Buttigieg,8/29/2024 12:00:00 AM,$0.01,$0.01,$0.01,$0.01,0
Newsom,8/29/2024 12:00:00 AM,$0.01,$0.01,$0.01,$0.01,4
Ramaswamy,8/29/2024 12:00:00 AM,$0.01,$0.01,$0.01,$0.01,0
Scott,8/29/2024 12:00:00 AM,$0.01,$0.01,$0.01,$0.01,0
RFK Jr.,8/29/2024 12:00:00 AM,$0.01,$0.01,$0.01,$0.01,100
Haley,8/29/2024 12:00:00 AM,$0.02,$0.02,$0.01,$0.01,599
DeSantis,8/30/2024 12:00:00 AM,$0.01,$0.01,$0.01,$0.01,100
Trump,8/30/2024 12:00:00 AM,$0.49,$0.49,$0.47,$0.49,16198
Biden,8/30/2024 12:00:00 AM,$0.01,$0.01,$0.01,$0.01,1103
Harris,8/30/2024 12:00:00 AM,$0.54,$0.55,$0.54,$0.55,18912
Buttigieg,8/30/2024 12:00:00 AM,$0.01,$0.01,$0.01,$0.01,0
Newsom,8/30/2024 12:00:00 AM,$0.01,$0.01,$0.01,$0.01,38100
Ramaswamy,8/30/2024 12:00:00 AM,$0.01,$0.01,$0.01,$0.01,0
Scott,8/30/2024 12:00:00 AM,$0.01,$0.01,$0.01,$0.01,0
RFK Jr.,8/30/2024 12:00:00 AM,$0.01,$0.01,$0.01,$0.01,1
Haley,8/30/2024 12:00:00 AM,$0.01,$0.02,$0.01,$0.01,856
DeSantis,8/31/2024 12:00:00 AM,$0.01,$0.01,$0.01,$0.01,0
Trump,8/31/2024 12:00:00 AM,$0.49,$0.49,$0.47,$0.49,12770
Biden,8/31/2024 12:00:00 AM,$0.01,$0.01,$0.01,$0.01,0
Harris,8/31/2024 12:00:00 AM,$0.55,$0.56,$0.54,$0.55,10594
Buttigieg,8/31/2024 12:00:00 AM,$0.01,$0.01,$0.01,$0.01,0
Newsom,8/31/2024 12:00:00 AM,$0.01,$0.01,$0.01,$0.01,37232
Ramaswamy,8/31/2024 12:00:00 AM,$0.01,$0.01,$0.01,$0.01,0
Scott,8/31/2024 12:00:00 AM,$0.01,$0.01,$0.01,$0.01,0
RFK Jr.,8/31/2024 12:00:00 AM,$0.01,$0.01,$0.01,$0.01,0
Haley,8/31/2024 12:00:00 AM,$0.01,$0.02,$0.01,$0.01,5649
DeSantis,9/1/2024 12:00:00 AM,$0.01,$0.01,$0.01,$0.01,0
Trump,9/1/2024 12:00:00 AM,$0.49,$0.49,$0.47,$0.48,13403
Biden,9/1/2024 12:00:00 AM,$0.01,$0.01,$0.01,$0.01,0
Harris,9/1/2024 12:00:00 AM,$0.55,$0.56,$0.54,$0.55,15942
Buttigieg,9/1/2024 12:00:00 AM,$0.01,$0.01,$0.01,$0.01,0
Newsom,9/1/2024 12:00:00 AM,$0.01,$0.02,$0.01,$0.01,461
Ramaswamy,9/1/2024 12:00:00 AM,$0.01,$0.01,$0.01,$0.01,0
Scott,9/1/2024 12:00:00 AM,$0.01,$0.01,$0.01,$0.01,0
RFK Jr.,9/1/2024 12:00:00 AM,$0.01,$0.01,$0.01,$0.01,0
Haley,9/1/2024 12:00:00 AM,$0.01,$0.02,$0.01,$0.01,641
DeSantis,9/2/2024 12:00:00 AM,$0.01,$0.01,$0.01,$0.01,0
Trump,9/2/2024 12:00:00 AM,$0.48,$0.49,$0.47,$0.48,12171
Biden,9/2/2024 12:00:00 AM,$0.01,$0.01,$0.01,$0.01,87
Harris,9/2/2024 12:00:00 AM,$0.55,$0.56,$0.54,$0.54,14946
Buttigieg,9/2/2024 12:00:00 AM,$0.01,$0.01,$0.01,$0.01,0
Newsom,9/2/2024 12:00:00 AM,$0.01,$0.02,$0.01,$0.01,4330
Ramaswamy,9/2/2024 12:00:00 AM,$0.01,$0.01,$0.01,$0.01,0
Scott,9/2/2024 12:00:00 AM,$0.01,$0.01,$0.01,$0.01,0
RFK Jr.,9/2/2024 12:00:00 AM,$0.01,$0.01,$0.01,$0.01,26
Haley,9/2/2024 12:00:00 AM,$0.01,$0.02,$0.01,$0.01,22818
DeSantis,9/3/2024 12:00:00 AM,$0.01,$0.01,$0.01,$0.01,1
Trump,9/3/2024 12:00:00 AM,$0.48,$0.49,$0.48,$0.48,15583
Biden,9/3/2024 12:00:00 AM,$0.01,$0.01,$0.01,$0.01,151
Harris,9/3/2024 12:00:00 AM,$0.54,$0.56,$0.54,$0.55,16413
Buttigieg,9/3/2024 12:00:00 AM,$0.01,$0.01,$0.01,$0.01,0
Newsom,9/3/2024 12:00:00 AM,$0.01,$0.02,$0.01,$0.01,870
Ramaswamy,9/3/2024 12:00:00 AM,$0.01,$0.01,$0.01,$0.01,0
Scott,9/3/2024 12:00:00 AM,$0.01,$0.01,$0.01,$0.01,0
RFK Jr.,9/3/2024 12:00:00 AM,$0.01,$0.01,$0.01,$0.01,151
Haley,9/3/2024 12:00:00 AM,$0.01,$0.02,$0.01,$0.01,128
DeSantis,9/4/2024 12:00:00 AM,$0.01,$0.01,$0.01,$0.01,0
Trump,9/4/2024 12:00:00 AM,$0.48,$0.49,$0.48,$0.49,19765
Biden,9/4/2024 12:00:00 AM,$0.01,$0.01,$0.01,$0.01,0
Harris,9/4/2024 12:00:00 AM,$0.55,$0.55,$0.53,$0.53,18777
Buttigieg,9/4/2024 12:00:00 AM,$0.01,$0.01,$0.01,$0.01,0
Newsom,9/4/2024 12:00:00 AM,$0.01,$0.01,$0.01,$0.01,12843
Ramaswamy,9/4/2024 12:00:00 AM,$0.01,$0.01,$0.01,$0.01,0
Scott,9/4/2024 12:00:00 AM,$0.01,$0.01,$0.01,$0.01,0
RFK Jr.,9/4/2024 12:00:00 AM,$0.01,$0.01,$0.01,$0.01,4700
Haley,9/4/2024 12:00:00 AM,$0.01,$0.02,$0.01,$0.01,1027
DeSantis,9/5/2024 12:00:00 AM,$0.01,$0.01,$0.01,$0.01,0
Trump,9/5/2024 12:00:00 AM,$0.49,$0.50,$0.48,$0.50,26729
Biden,9/5/2024 12:00:00 AM,$0.01,$0.01,$0.01,$0.01,554
Harris,9/5/2024 12:00:00 AM,$0.53,$0.55,$0.53,$0.53,25032
Buttigieg,9/5/2024 12:00:00 AM,$0.01,$0.01,$0.01,$0.01,0
Newsom,9/5/2024 12:00:00 AM,$0.01,$0.02,$0.01,$0.01,3062
Ramaswamy,9/5/2024 12:00:00 AM,$0.01,$0.01,$0.01,$0.01,0
Scott,9/5/2024 12:00:00 AM,$0.01,$0.01,$0.01,$0.01,0
RFK Jr.,9/5/2024 12:00:00 AM,$0.01,$0.01,$0.01,$0.01,0
Haley,9/5/2024 12:00:00 AM,$0.01,$0.02,$0.01,$0.01,6783
DeSantis,9/6/2024 12:00:00 AM,$0.01,$0.01,$0.01,$0.01,0
Trump,9/6/2024 12:00:00 AM,$0.50,$0.50,$0.49,$0.50,12808
Biden,9/6/2024 12:00:00 AM,$0.01,$0.01,$0.01,$0.01,250
Harris,9/6/2024 12:00:00 AM,$0.53,$0.55,$0.53,$0.55,27932
Buttigieg,9/6/2024 12:00:00 AM,$0.01,$0.01,$0.01,$0.01,0
Newsom,9/6/2024 12:00:00 AM,$0.01,$0.01,$0.01,$0.01,2983
Ramaswamy,9/6/2024 12:00:00 AM,$0.01,$0.01,$0.01,$0.01,0
Scott,9/6/2024 12:00:00 AM,$0.01,$0.01,$0.01,$0.01,0
RFK Jr.,9/6/2024 12:00:00 AM,$0.01,$0.01,$0.01,$0.01,0
Haley,9/6/2024 12:00:00 AM,$0.01,$0.02,$0.01,$0.01,3446
DeSantis,9/7/2024 12:00:00 AM,$0.01,$0.01,$0.01,$0.01,0
Trump,9/7/2024 12:00:00 AM,$0.50,$0.50,$0.48,$0.50,21164
Biden,9/7/2024 12:00:00 AM,$0.01,$0.01,$0.01,$0.01,50
Harris,9/7/2024 12:00:00 AM,$0.55,$0.55,$0.53,$0.54,10743
Buttigieg,9/7/2024 12:00:00 AM,$0.01,$0.01,$0.01,$0.01,0
Newsom,9/7/2024 12:00:00 AM,$0.01,$0.02,$0.01,$0.01,1538
Ramaswamy,9/7/2024 12:00:00 AM,$0.01,$0.01,$0.01,$0.01,0
Scott,9/7/2024 12:00:00 AM,$0.01,$0.01,$0.01,$0.01,0
RFK Jr.,9/7/2024 12:00:00 AM,$0.01,$0.01,$0.01,$0.01,50
Haley,9/7/2024 12:00:00 AM,$0.01,$0.02,$0.01,$0.01,799
DeSantis,9/8/2024 12:00:00 AM,$0.01,$0.01,$0.01,$0.01,0
Trump,9/8/2024 12:00:00 AM,$0.50,$0.50,$0.49,$0.50,24247
Biden,9/8/2024 12:00:00 AM,$0.01,$0.01,$0.01,$0.01,2334
Harris,9/8/2024 12:00:00 AM,$0.54,$0.55,$0.52,$0.52,31778
Buttigieg,9/8/2024 12:00:00 AM,$0.01,$0.01,$0.01,$0.01,9
Newsom,9/8/2024 12:00:00 AM,$0.01,$0.02,$0.01,$0.01,3065
Ramaswamy,9/8/2024 12:00:00 AM,$0.01,$0.01,$0.01,$0.01,0
Scott,9/8/2024 12:00:00 AM,$0.01,$0.01,$0.01,$0.01,0
RFK Jr.,9/8/2024 12:00:00 AM,$0.01,$0.01,$0.01,$0.01,0
Haley,9/8/2024 12:00:00 AM,$0.01,$0.02,$0.01,$0.01,1864
DeSantis,9/9/2024 12:00:00 AM,$0.01,$0.01,$0.01,$0.01,0
Trump,9/9/2024 12:00:00 AM,$0.50,$0.53,$0.50,$0.52,60178
Biden,9/9/2024 12:00:00 AM,$0.01,$0.01,$0.01,$0.01,15281
Harris,9/9/2024 12:00:00 AM,$0.52,$0.54,$0.50,$0.53,54171
Buttigieg,9/9/2024 12:00:00 AM,$0.01,$0.01,$0.01,$0.01,0
Newsom,9/9/2024 12:00:00 AM,$0.01,$0.02,$0.01,$0.02,6092
Ramaswamy,9/9/2024 12:00:00 AM,$0.01,$0.01,$0.01,$0.01,0
Scott,9/9/2024 12:00:00 AM,$0.01,$0.01,$0.01,$0.01,0
RFK Jr.,9/9/2024 12:00:00 AM,$0.01,$0.01,$0.01,$0.01,400
Haley,9/9/2024 12:00:00 AM,$0.01,$0.02,$0.01,$0.01,4930
DeSantis,9/10/2024 12:00:00 AM,$0.01,$0.01,$0.01,$0.01,1
Trump,9/10/2024 12:00:00 AM,$0.52,$0.52,$0.46,$0.47,164310
Biden,9/10/2024 12:00:00 AM,$0.01,$0.01,$0.01,$0.01,3191
Harris,9/10/2024 12:00:00 AM,$0.53,$0.57,$0.52,$0.57,143358
Buttigieg,9/10/2024 12:00:00 AM,$0.01,$0.01,$0.01,$0.01,1
Newsom,9/10/2024 12:00:00 AM,$0.02,$0.02,$0.01,$0.01,5422
Ramaswamy,9/10/2024 12:00:00 AM,$0.01,$0.01,$0.01,$0.01,0
Scott,9/10/2024 12:00:00 AM,$0.01,$0.01,$0.01,$0.01,0
RFK Jr.,9/10/2024 12:00:00 AM,$0.01,$0.01,$0.01,$0.01,172
Haley,9/10/2024 12:00:00 AM,$0.01,$0.02,$0.01,$0.01,9489
DeSantis,9/11/2024 12:00:00 AM,$0.01,$0.01,$0.01,$0.01,0
Trump,9/11/2024 12:00:00 AM,$0.47,$0.48,$0.46,$0.47,50106
Biden,9/11/2024 12:00:00 AM,$0.01,$0.01,$0.01,$0.01,1184
Harris,9/11/2024 12:00:00 AM,$0.57,$0.57,$0.55,$0.56,54916
Buttigieg,9/11/2024 12:00:00 AM,$0.01,$0.01,$0.01,$0.01,0
Newsom,9/11/2024 12:00:00 AM,$0.01,$0.01,$0.01,$0.01,0
Ramaswamy,9/11/2024 12:00:00 AM,$0.01,$0.01,$0.01,$0.01,0
Scott,9/11/2024 12:00:00 AM,$0.01,$0.01,$0.01,$0.01,0
RFK Jr.,9/11/2024 12:00:00 AM,$0.01,$0.01,$0.01,$0.01,2511
Haley,9/11/2024 12:00:00 AM,$0.01,$0.01,$0.01,$0.01,51
DeSantis,9/12/2024 12:00:00 AM,$0.01,$0.01,$0.01,$0.01,0
Trump,9/12/2024 12:00:00 AM,$0.47,$0.48,$0.46,$0.47,35627
Biden,9/12/2024 12:00:00 AM,$0.01,$0.01,$0.01,$0.01,1035
Harris,9/12/2024 12:00:00 AM,$0.56,$0.57,$0.55,$0.56,39023
Buttigieg,9/12/2024 12:00:00 AM,$0.01,$0.01,$0.01,$0.01,0
Newsom,9/12/2024 12:00:00 AM,$0.01,$0.01,$0.01,$0.01,929
Ramaswamy,9/12/2024 12:00:00 AM,$0.01,$0.01,$0.01,$0.01,0
Scott,9/12/2024 12:00:00 AM,$0.01,$0.01,$0.01,$0.01,0
RFK Jr.,9/12/2024 12:00:00 AM,$0.01,$0.01,$0.01,$0.01,902
Haley,9/12/2024 12:00:00 AM,$0.01,$0.01,$0.01,$0.01,554
DeSantis,9/13/2024 12:00:00 AM,$0.01,$0.01,$0.01,$0.01,10
Trump,9/13/2024 12:00:00 AM,$0.47,$0.47,$0.46,$0.47,16475
Biden,9/13/2024 12:00:00 AM,$0.01,$0.01,$0.01,$0.01,0
Harris,9/13/2024 12:00:00 AM,$0.56,$0.58,$0.56,$0.57,31370
Buttigieg,9/13/2024 12:00:00 AM,$0.01,$0.01,$0.01,$0.01,0
Newsom,9/13/2024 12:00:00 AM,$0.01,$0.01,$0.01,$0.01,0
Ramaswamy,9/13/2024 12:00:00 AM,$0.01,$0.01,$0.01,$0.01,0
Scott,9/13/2024 12:00:00 AM,$0.01,$0.01,$0.01,$0.01,0
RFK Jr.,9/13/2024 12:00:00 AM,$0.01,$0.01,$0.01,$0.01,0
Haley,9/13/2024 12:00:00 AM,$0.01,$0.01,$0.01,$0.01,200
DeSantis,9/14/2024 12:00:00 AM,$0.01,$0.01,$0.01,$0.01,1128
Trump,9/14/2024 12:00:00 AM,$0.47,$0.47,$0.46,$0.47,12967
Biden,9/14/2024 12:00:00 AM,$0.01,$0.01,$0.01,$0.01,740
Harris,9/14/2024 12:00:00 AM,$0.57,$0.57,$0.56,$0.57,13704
Buttigieg,9/14/2024 12:00:00 AM,$0.01,$0.01,$0.01,$0.01,1000
Newsom,9/14/2024 12:00:00 AM,$0.01,$0.01,$0.01,$0.01,1000
Ramaswamy,9/14/2024 12:00:00 AM,$0.01,$0.01,$0.01,$0.01,0
Scott,9/14/2024 12:00:00 AM,$0.01,$0.01,$0.01,$0.01,0
RFK Jr.,9/14/2024 12:00:00 AM,$0.01,$0.01,$0.01,$0.01,0
Haley,9/14/2024 12:00:00 AM,$0.01,$0.01,$0.01,$0.01,102
DeSantis,9/15/2024 12:00:00 AM,$0.01,$0.01,$0.01,$0.01,219
Trump,9/15/2024 12:00:00 AM,$0.47,$0.47,$0.46,$0.47,26804
Biden,9/15/2024 12:00:00 AM,$0.01,$0.01,$0.01,$0.01,100
Harris,9/15/2024 12:00:00 AM,$0.57,$0.57,$0.56,$0.56,23036
Buttigieg,9/15/2024 12:00:00 AM,$0.01,$0.01,$0.01,$0.01,26
Newsom,9/15/2024 12:00:00 AM,$0.01,$0.01,$0.01,$0.01,25
Ramaswamy,9/15/2024 12:00:00 AM,$0.01,$0.01,$0.01,$0.01,0
Scott,9/15/2024 12:00:00 AM,$0.01,$0.01,$0.01,$0.01,0
RFK Jr.,9/15/2024 12:00:00 AM,$0.01,$0.01,$0.01,$0.01,3
Haley,9/15/2024 12:00:00 AM,$0.01,$0.01,$0.01,$0.01,135
DeSantis,9/16/2024 12:00:00 AM,$0.01,$0.01,$0.01,$0.01,860
Trump,9/16/2024 12:00:00 AM,$0.47,$0.48,$0.46,$0.46,34432
Biden,9/16/2024 12:00:00 AM,$0.01,$0.01,$0.01,$0.01,1566
Harris,9/16/2024 12:00:00 AM,$0.56,$0.58,$0.56,$0.58,26286
Buttigieg,9/16/2024 12:00:00 AM,$0.01,$0.01,$0.01,$0.01,48
Newsom,9/16/2024 12:00:00 AM,$0.01,$0.01,$0.01,$0.01,911
Ramaswamy,9/16/2024 12:00:00 AM,$0.01,$0.01,$0.01,$0.01,0
Scott,9/16/2024 12:00:00 AM,$0.01,$0.01,$0.01,$0.01,0
RFK Jr.,9/16/2024 12:00:00 AM,$0.01,$0.01,$0.01,$0.01,900
Haley,9/16/2024 12:00:00 AM,$0.01,$0.01,$0.01,$0.01,920
DeSantis,9/17/2024 12:00:00 AM,$0.01,$0.01,$0.01,$0.01,4
Trump,9/17/2024 12:00:00 AM,$0.46,$0.47,$0.45,$0.46,25755
Biden,9/17/2024 12:00:00 AM,$0.01,$0.01,$0.01,$0.01,0
Harris,9/17/2024 12:00:00 AM,$0.58,$0.58,$0.56,$0.58,18357
Buttigieg,9/17/2024 12:00:00 AM,$0.01,$0.01,$0.01,$0.01,0
Newsom,9/17/2024 12:00:00 AM,$0.01,$0.01,$0.01,$0.01,5034
Ramaswamy,9/17/2024 12:00:00 AM,$0.01,$0.01,$0.01,$0.01,0
Scott,9/17/2024 12:00:00 AM,$0.01,$0.01,$0.01,$0.01,0
RFK Jr.,9/17/2024 12:00:00 AM,$0.01,$0.01,$0.01,$0.01,1
Haley,9/17/2024 12:00:00 AM,$0.01,$0.01,$0.01,$0.01,13
DeSantis,9/18/2024 12:00:00 AM,$0.01,$0.01,$0.01,$0.01,0
Trump,9/18/2024 12:00:00 AM,$0.46,$0.47,$0.45,$0.45,20390
Biden,9/18/2024 12:00:00 AM,$0.01,$0.01,$0.01,$0.01,1
Harris,9/18/2024 12:00:00 AM,$0.58,$0.58,$0.56,$0.58,20222
Buttigieg,9/18/2024 12:00:00 AM,$0.01,$0.01,$0.01,$0.01,0
Newsom,9/18/2024 12:00:00 AM,$0.01,$0.01,$0.01,$0.01,0
Ramaswamy,9/18/2024 12:00:00 AM,$0.01,$0.01,$0.01,$0.01,0
Scott,9/18/2024 12:00:00 AM,$0.01,$0.01,$0.01,$0.01,0
RFK Jr.,9/18/2024 12:00:00 AM,$0.01,$0.01,$0.01,$0.01,0
Haley,9/18/2024 12:00:00 AM,$0.01,$0.01,$0.01,$0.01,21
DeSantis,9/19/2024 12:00:00 AM,$0.01,$0.01,$0.01,$0.01,18
Trump,9/19/2024 12:00:00 AM,$0.45,$0.46,$0.45,$0.45,26427
Biden,9/19/2024 12:00:00 AM,$0.01,$0.01,$0.01,$0.01,500
Harris,9/19/2024 12:00:00 AM,$0.58,$0.58,$0.57,$0.58,28261
Buttigieg,9/19/2024 12:00:00 AM,$0.01,$0.01,$0.01,$0.01,0
Newsom,9/19/2024 12:00:00 AM,$0.01,$0.01,$0.01,$0.01,921
Ramaswamy,9/19/2024 12:00:00 AM,$0.01,$0.01,$0.01,$0.01,0
Scott,9/19/2024 12:00:00 AM,$0.01,$0.01,$0.01,$0.01,0
RFK Jr.,9/19/2024 12:00:00 AM,$0.01,$0.01,$0.01,$0.01,884
Haley,9/19/2024 12:00:00 AM,$0.01,$0.01,$0.01,$0.01,0
DeSantis,9/20/2024 12:00:00 AM,$0.01,$0.01,$0.01,$0.01,1524
Trump,9/20/2024 12:00:00 AM,$0.45,$0.46,$0.45,$0.45,15431
Biden,9/20/2024 12:00:00 AM,$0.01,$0.01,$0.01,$0.01,0
Harris,9/20/2024 12:00:00 AM,$0.58,$0.58,$0.57,$0.58,23819
Buttigieg,9/20/2024 12:00:00 AM,$0.01,$0.01,$0.01,$0.01,0
Newsom,9/20/2024 12:00:00 AM,$0.01,$0.01,$0.01,$0.01,851
Ramaswamy,9/20/2024 12:00:00 AM,$0.01,$0.01,$0.01,$0.01,0
Scott,9/20/2024 12:00:00 AM,$0.01,$0.01,$0.01,$0.01,0
RFK Jr.,9/20/2024 12:00:00 AM,$0.01,$0.01,$0.01,$0.01,851
Haley,9/20/2024 12:00:00 AM,$0.01,$0.01,$0.01,$0.01,851
DeSantis,9/21/2024 12:00:00 AM,$0.01,$0.01,$0.01,$0.01,0
Trump,9/21/2024 12:00:00 AM,$0.45,$0.46,$0.45,$0.46,12475
Biden,9/21/2024 12:00:00 AM,$0.01,$0.01,$0.01,$0.01,0
Harris,9/21/2024 12:00:00 AM,$0.58,$0.58,$0.57,$0.58,10331
Buttigieg,9/21/2024 12:00:00 AM,$0.01,$0.01,$0.01,$0.01,0
Newsom,9/21/2024 12:00:00 AM,$0.01,$0.01,$0.01,$0.01,0
Ramaswamy,9/21/2024 12:00:00 AM,$0.01,$0.01,$0.01,$0.01,0
Scott,9/21/2024 12:00:00 AM,$0.01,$0.01,$0.01,$0.01,0
RFK Jr.,9/21/2024 12:00:00 AM,$0.01,$0.01,$0.01,$0.01,0
Haley,9/21/2024 12:00:00 AM,$0.01,$0.01,$0.01,$0.01,0
DeSantis,9/22/2024 12:00:00 AM,$0.01,$0.01,$0.01,$0.01,25
Trump,9/22/2024 12:00:00 AM,$0.46,$0.46,$0.45,$0.46,10574
Biden,9/22/2024 12:00:00 AM,$0.01,$0.01,$0.01,$0.01,161
Harris,9/22/2024 12:00:00 AM,$0.58,$0.58,$0.57,$0.57,10958
Buttigieg,9/22/2024 12:00:00 AM,$0.01,$0.01,$0.01,$0.01,0
Newsom,9/22/2024 12:00:00 AM,$0.01,$0.01,$0.01,$0.01,0
Ramaswamy,9/22/2024 12:00:00 AM,$0.01,$0.01,$0.01,$0.01,0
Scott,9/22/2024 12:00:00 AM,$0.01,$0.01,$0.01,$0.01,0
RFK Jr.,9/22/2024 12:00:00 AM,$0.01,$0.01,$0.01,$0.01,0
Haley,9/22/2024 12:00:00 AM,$0.01,$0.01,$0.01,$0.01,0
DeSantis,9/23/2024 12:00:00 AM,$0.01,$0.01,$0.01,$0.01,0
Trump,9/23/2024 12:00:00 AM,$0.46,$0.46,$0.45,$0.46,15465
Biden,9/23/2024 12:00:00 AM,$0.01,$0.01,$0.01,$0.01,0
Harris,9/23/2024 12:00:00 AM,$0.57,$0.59,$0.57,$0.57,25620
Buttigieg,9/23/2024 12:00:00 AM,$0.01,$0.01,$0.01,$0.01,0
Newsom,9/23/2024 12:00:00 AM,$0.01,$0.01,$0.01,$0.01,885
Ramaswamy,9/23/2024 12:00:00 AM,$0.01,$0.01,$0.01,$0.01,0
Scott,9/23/2024 12:00:00 AM,$0.01,$0.01,$0.01,$0.01,0
RFK Jr.,9/23/2024 12:00:00 AM,$0.01,$0.01,$0.01,$0.01,867
Haley,9/23/2024 12:00:00 AM,$0.01,$0.01,$0.01,$0.01,859
DeSantis,9/24/2024 12:00:00 AM,$0.01,$0.01,$0.01,$0.01,100
Trump,9/24/2024 12:00:00 AM,$0.46,$0.47,$0.45,$0.46,22398
Biden,9/24/2024 12:00:00 AM,$0.01,$0.01,$0.01,$0.01,300
Harris,9/24/2024 12:00:00 AM,$0.57,$0.58,$0.57,$0.57,12550
Buttigieg,9/24/2024 12:00:00 AM,$0.01,$0.01,$0.01,$0.01,1908
Newsom,9/24/2024 12:00:00 AM,$0.01,$0.01,$0.01,$0.01,200
Ramaswamy,9/24/2024 12:00:00 AM,$0.01,$0.01,$0.01,$0.01,0
Scott,9/24/2024 12:00:00 AM,$0.01,$0.01,$0.01,$0.01,0
RFK Jr.,9/24/2024 12:00:00 AM,$0.01,$0.01,$0.01,$0.01,0
Haley,9/24/2024 12:00:00 AM,$0.01,$0.01,$0.01,$0.01,0
DeSantis,9/25/2024 12:00:00 AM,$0.01,$0.01,$0.01,$0.01,0
Trump,9/25/2024 12:00:00 AM,$0.46,$0.47,$0.46,$0.46,14717
Biden,9/25/2024 12:00:00 AM,$0.01,$0.01,$0.01,$0.01,0
Harris,9/25/2024 12:00:00 AM,$0.57,$0.58,$0.56,$0.58,24372
Buttigieg,9/25/2024 12:00:00 AM,$0.01,$0.01,$0.01,$0.01,0
Newsom,9/25/2024 12:00:00 AM,$0.01,$0.01,$0.01,$0.01,425
Ramaswamy,9/25/2024 12:00:00 AM,$0.01,$0.01,$0.01,$0.01,0
Scott,9/25/2024 12:00:00 AM,$0.01,$0.01,$0.01,$0.01,0
RFK Jr.,9/25/2024 12:00:00 AM,$0.01,$0.01,$0.01,$0.01,375
Haley,9/25/2024 12:00:00 AM,$0.01,$0.01,$0.01,$0.01,0
DeSantis,9/26/2024 12:00:00 AM,$0.01,$0.01,$0.01,$0.01,0
Trump,9/26/2024 12:00:00 AM,$0.46,$0.48,$0.46,$0.47,28871
Biden,9/26/2024 12:00:00 AM,$0.01,$0.01,$0.01,$0.01,1062
Harris,9/26/2024 12:00:00 AM,$0.58,$0.58,$0.56,$0.56,21281
Buttigieg,9/26/2024 12:00:00 AM,$0.01,$0.01,$0.01,$0.01,1
Newsom,9/26/2024 12:00:00 AM,$0.01,$0.01,$0.01,$0.01,0
Ramaswamy,9/26/2024 12:00:00 AM,$0.01,$0.01,$0.01,$0.01,0
Scott,9/26/2024 12:00:00 AM,$0.01,$0.01,$0.01,$0.01,0
RFK Jr.,9/26/2024 12:00:00 AM,$0.01,$0.01,$0.01,$0.01,904
Haley,9/26/2024 12:00:00 AM,$0.01,$0.01,$0.01,$0.01,1
DeSantis,9/27/2024 12:00:00 AM,$0.01,$0.01,$0.01,$0.01,1
Trump,9/27/2024 12:00:00 AM,$0.47,$0.48,$0.47,$0.48,24835
Biden,9/27/2024 12:00:00 AM,$0.01,$0.01,$0.01,$0.01,0
Harris,9/27/2024 12:00:00 AM,$0.56,$0.57,$0.56,$0.56,18499
Buttigieg,9/27/2024 12:00:00 AM,$0.01,$0.01,$0.01,$0.01,0
Newsom,9/27/2024 12:00:00 AM,$0.01,$0.01,$0.01,$0.01,64
Ramaswamy,9/27/2024 12:00:00 AM,$0.01,$0.01,$0.01,$0.01,0
Scott,9/27/2024 12:00:00 AM,$0.01,$0.01,$0.01,$0.01,0
RFK Jr.,9/27/2024 12:00:00 AM,$0.01,$0.01,$0.01,$0.01,0
Haley,9/27/2024 12:00:00 AM,$0.01,$0.01,$0.01,$0.01,0
DeSantis,9/28/2024 12:00:00 AM,$0.01,$0.01,$0.01,$0.01,0
Trump,9/28/2024 12:00:00 AM,$0.48,$0.48,$0.47,$0.48,12620
Biden,9/28/2024 12:00:00 AM,$0.01,$0.01,$0.01,$0.01,103
Harris,9/28/2024 12:00:00 AM,$0.56,$0.57,$0.56,$0.56,10288
Buttigieg,9/28/2024 12:00:00 AM,$0.01,$0.01,$0.01,$0.01,0
Newsom,9/28/2024 12:00:00 AM,$0.01,$0.01,$0.01,$0.01,0
Ramaswamy,9/28/2024 12:00:00 AM,$0.01,$0.01,$0.01,$0.01,0
Scott,9/28/2024 12:00:00 AM,$0.01,$0.01,$0.01,$0.01,0
RFK Jr.,9/28/2024 12:00:00 AM,$0.01,$0.01,$0.01,$0.01,500
Haley,9/28/2024 12:00:00 AM,$0.01,$0.01,$0.01,$0.01,30
DeSantis,9/29/2024 12:00:00 AM,$0.01,$0.01,$0.01,$0.01,0
Trump,9/29/2024 12:00:00 AM,$0.48,$0.49,$0.47,$0.49,20175
Biden,9/29/2024 12:00:00 AM,$0.01,$0.01,$0.01,$0.01,0
Harris,9/29/2024 12:00:00 AM,$0.56,$0.57,$0.56,$0.56,15255
Buttigieg,9/29/2024 12:00:00 AM,$0.01,$0.01,$0.01,$0.01,0
Newsom,9/29/2024 12:00:00 AM,$0.01,$0.01,$0.01,$0.01,0
Ramaswamy,9/29/2024 12:00:00 AM,$0.01,$0.01,$0.01,$0.01,0
Scott,9/29/2024 12:00:00 AM,$0.01,$0.01,$0.01,$0.01,0
RFK Jr.,9/29/2024 12:00:00 AM,$0.01,$0.01,$0.01,$0.01,15
Haley,9/29/2024 12:00:00 AM,$0.01,$0.01,$0.01,$0.01,0
DeSantis,9/30/2024 12:00:00 AM,$0.01,$0.01,$0.01,$0.01,1716
Trump,9/30/2024 12:00:00 AM,$0.49,$0.49,$0.47,$0.49,13795
Biden,9/30/2024 12:00:00 AM,$0.01,$0.01,$0.01,$0.01,2216
Harris,9/30/2024 12:00:00 AM,$0.56,$0.57,$0.55,$0.55,10001
Buttigieg,9/30/2024 12:00:00 AM,$0.01,$0.01,$0.01,$0.01,1716
Newsom,9/30/2024 12:00:00 AM,$0.01,$0.01,$0.01,$0.01,1865
Ramaswamy,9/30/2024 12:00:00 AM,$0.01,$0.01,$0.01,$0.01,0
Scott,9/30/2024 12:00:00 AM,$0.01,$0.01,$0.01,$0.01,0
RFK Jr.,9/30/2024 12:00:00 AM,$0.01,$0.01,$0.01,$0.01,2306
Haley,9/30/2024 12:00:00 AM,$0.01,$0.01,$0.01,$0.01,1752
DeSantis,10/1/2024 12:00:00 AM,$0.01,$0.01,$0.01,$0.01,0
Trump,10/1/2024 12:00:00 AM,$0.49,$0.49,$0.47,$0.48,23626
Biden,10/1/2024 12:00:00 AM,$0.01,$0.01,$0.01,$0.01,305
Harris,10/1/2024 12:00:00 AM,$0.55,$0.57,$0.55,$0.55,28911
Buttigieg,10/1/2024 12:00:00 AM,$0.01,$0.01,$0.01,$0.01,0
Newsom,10/1/2024 12:00:00 AM,$0.01,$0.01,$0.01,$0.01,26
Ramaswamy,10/1/2024 12:00:00 AM,$0.01,$0.01,$0.01,$0.01,0
Scott,10/1/2024 12:00:00 AM,$0.01,$0.01,$0.01,$0.01,0
RFK Jr.,10/1/2024 12:00:00 AM,$0.01,$0.01,$0.01,$0.01,106
Haley,10/1/2024 12:00:00 AM,$0.01,$0.01,$0.01,$0.01,0
DeSantis,10/2/2024 12:00:00 AM,$0.01,$0.01,$0.01,$0.01,34
Trump,10/2/2024 12:00:00 AM,$0.48,$0.49,$0.48,$0.49,24186
Biden,10/2/2024 12:00:00 AM,$0.01,$0.01,$0.01,$0.01,1860
Harris,10/2/2024 12:00:00 AM,$0.55,$0.56,$0.54,$0.54,26713
Buttigieg,10/2/2024 12:00:00 AM,$0.01,$0.01,$0.01,$0.01,26
Newsom,10/2/2024 12:00:00 AM,$0.01,$0.01,$0.01,$0.01,149
Ramaswamy,10/2/2024 12:00:00 AM,$0.01,$0.01,$0.01,$0.01,25
Scott,10/2/2024 12:00:00 AM,$0.01,$0.01,$0.01,$0.01,0
RFK Jr.,10/2/2024 12:00:00 AM,$0.01,$0.01,$0.01,$0.01,215
Haley,10/2/2024 12:00:00 AM,$0.01,$0.01,$0.01,$0.01,1085
DeSantis,10/3/2024 12:00:00 AM,$0.01,$0.01,$0.01,$0.01,0
Trump,10/3/2024 12:00:00 AM,$0.49,$0.49,$0.48,$0.49,13889
Biden,10/3/2024 12:00:00 AM,$0.01,$0.01,$0.01,$0.01,100
Harris,10/3/2024 12:00:00 AM,$0.54,$0.56,$0.54,$0.55,27630
Buttigieg,10/3/2024 12:00:00 AM,$0.01,$0.01,$0.01,$0.01,0
Newsom,10/3/2024 12:00:00 AM,$0.01,$0.01,$0.01,$0.01,0
Ramaswamy,10/3/2024 12:00:00 AM,$0.01,$0.01,$0.01,$0.01,0
Scott,10/3/2024 12:00:00 AM,$0.01,$0.01,$0.01,$0.01,0
RFK Jr.,10/3/2024 12:00:00 AM,$0.01,$0.01,$0.01,$0.01,0
Haley,10/3/2024 12:00:00 AM,$0.01,$0.01,$0.01,$0.01,0
DeSantis,10/4/2024 12:00:00 AM,$0.01,$0.01,$0.01,$0.01,0
Trump,10/4/2024 12:00:00 AM,$0.49,$0.49,$0.48,$0.49,24065
Biden,10/4/2024 12:00:00 AM,$0.01,$0.01,$0.01,$0.01,2867
Harris,10/4/2024 12:00:00 AM,$0.55,$0.56,$0.54,$0.54,25652
Buttigieg,10/4/2024 12:00:00 AM,$0.01,$0.01,$0.01,$0.01,863
Newsom,10/4/2024 12:00:00 AM,$0.01,$0.01,$0.01,$0.01,1788
Ramaswamy,10/4/2024 12:00:00 AM,$0.01,$0.01,$0.01,$0.01,0
Scott,10/4/2024 12:00:00 AM,$0.01,$0.01,$0.01,$0.01,0
RFK Jr.,10/4/2024 12:00:00 AM,$0.01,$0.01,$0.01,$0.01,1798
Haley,10/4/2024 12:00:00 AM,$0.01,$0.01,$0.01,$0.01,923
DeSantis,10/5/2024 12:00:00 AM,$0.01,$0.01,$0.01,$0.01,17
Trump,10/5/2024 12:00:00 AM,$0.49,$0.50,$0.48,$0.50,22147
Biden,10/5/2024 12:00:00 AM,$0.01,$0.01,$0.01,$0.01,10
Harris,10/5/2024 12:00:00 AM,$0.54,$0.55,$0.54,$0.54,17928
Buttigieg,10/5/2024 12:00:00 AM,$0.01,$0.01,$0.01,$0.01,0
Newsom,10/5/2024 12:00:00 AM,$0.01,$0.01,$0.01,$0.01,0
Ramaswamy,10/5/2024 12:00:00 AM,$0.01,$0.01,$0.01,$0.01,0
Scott,10/5/2024 12:00:00 AM,$0.01,$0.01,$0.01,$0.01,0
RFK Jr.,10/5/2024 12:00:00 AM,$0.01,$0.01,$0.01,$0.01,688
Haley,10/5/2024 12:00:00 AM,$0.01,$0.01,$0.01,$0.01,835
DeSantis,10/6/2024 12:00:00 AM,$0.01,$0.01,$0.01,$0.01,100
Trump,10/6/2024 12:00:00 AM,$0.50,$0.51,$0.49,$0.51,38600
Biden,10/6/2024 12:00:00 AM,$0.01,$0.01,$0.01,$0.01,0
Harris,10/6/2024 12:00:00 AM,$0.54,$0.55,$0.53,$0.53,30525
Buttigieg,10/6/2024 12:00:00 AM,$0.01,$0.01,$0.01,$0.01,0
Newsom,10/6/2024 12:00:00 AM,$0.01,$0.01,$0.01,$0.01,0
Ramaswamy,10/6/2024 12:00:00 AM,$0.01,$0.01,$0.01,$0.01,0
Scott,10/6/2024 12:00:00 AM,$0.01,$0.01,$0.01,$0.01,0
RFK Jr.,10/6/2024 12:00:00 AM,$0.01,$0.01,$0.01,$0.01,0
Haley,10/6/2024 12:00:00 AM,$0.01,$0.01,$0.01,$0.01,0
DeSantis,10/7/2024 12:00:00 AM,$0.01,$0.01,$0.01,$0.01,16
Trump,10/7/2024 12:00:00 AM,$0.51,$0.52,$0.50,$0.51,47063
Biden,10/7/2024 12:00:00 AM,$0.01,$0.01,$0.01,$0.01,450
Harris,10/7/2024 12:00:00 AM,$0.53,$0.54,$0.52,$0.52,47502
Buttigieg,10/7/2024 12:00:00 AM,$0.01,$0.01,$0.01,$0.01,0
Newsom,10/7/2024 12:00:00 AM,$0.01,$0.01,$0.01,$0.01,0
Ramaswamy,10/7/2024 12:00:00 AM,$0.01,$0.01,$0.01,$0.01,0
Scott,10/7/2024 12:00:00 AM,$0.01,$0.01,$0.01,$0.01,0
RFK Jr.,10/7/2024 12:00:00 AM,$0.01,$0.01,$0.01,$0.01,0
Haley,10/7/2024 12:00:00 AM,$0.01,$0.01,$0.01,$0.01,0
DeSantis,10/8/2024 12:00:00 AM,$0.01,$0.01,$0.01,$0.01,1
Trump,10/8/2024 12:00:00 AM,$0.51,$0.52,$0.50,$0.50,40806
Biden,10/8/2024 12:00:00 AM,$0.01,$0.01,$0.01,$0.01,85003
Harris,10/8/2024 12:00:00 AM,$0.52,$0.53,$0.52,$0.52,22656
Buttigieg,10/8/2024 12:00:00 AM,$0.01,$0.01,$0.01,$0.01,0
Newsom,10/8/2024 12:00:00 AM,$0.01,$0.01,$0.01,$0.01,9001
Ramaswamy,10/8/2024 12:00:00 AM,$0.01,$0.01,$0.01,$0.01,0
Scott,10/8/2024 12:00:00 AM,$0.01,$0.01,$0.01,$0.01,0
RFK Jr.,10/8/2024 12:00:00 AM,$0.01,$0.01,$0.01,$0.01,219
Haley,10/8/2024 12:00:00 AM,$0.01,$0.01,$0.01,$0.01,151
DeSantis,10/9/2024 12:00:00 AM,$0.01,$0.01,$0.01,$0.01,0
Trump,10/9/2024 12:00:00 AM,$0.50,$0.52,$0.50,$0.52,64315
Biden,10/9/2024 12:00:00 AM,$0.01,$0.01,$0.01,$0.01,1601
Harris,10/9/2024 12:00:00 AM,$0.52,$0.53,$0.52,$0.52,44099
Buttigieg,10/9/2024 12:00:00 AM,$0.01,$0.01,$0.01,$0.01,0
Newsom,10/9/2024 12:00:00 AM,$0.01,$0.01,$0.01,$0.01,11050
Ramaswamy,10/9/2024 12:00:00 AM,$0.01,$0.01,$0.01,$0.01,0
Scott,10/9/2024 12:00:00 AM,$0.01,$0.01,$0.01,$0.01,0
RFK Jr.,10/9/2024 12:00:00 AM,$0.01,$0.01,$0.01,$0.01,0
Haley,10/9/2024 12:00:00 AM,$0.01,$0.01,$0.01,$0.01,0
DeSantis,10/10/2024 12:00:00 AM,$0.01,$0.01,$0.01,$0.01,1180
Trump,10/10/2024 12:00:00 AM,$0.52,$0.55,$0.51,$0.54,60307
Biden,10/10/2024 12:00:00 AM,$0.01,$0.01,$0.01,$0.01,1168
Harris,10/10/2024 12:00:00 AM,$0.52,$0.53,$0.50,$0.50,62556
Buttigieg,10/10/2024 12:00:00 AM,$0.01,$0.01,$0.01,$0.01,0
Newsom,10/10/2024 12:00:00 AM,$0.01,$0.01,$0.01,$0.01,19633
Ramaswamy,10/10/2024 12:00:00 AM,$0.01,$0.01,$0.01,$0.01,0
Scott,10/10/2024 12:00:00 AM,$0.01,$0.01,$0.01,$0.01,0
RFK Jr.,10/10/2024 12:00:00 AM,$0.01,$0.01,$0.01,$0.01,33
Haley,10/10/2024 12:00:00 AM,$0.01,$0.01,$0.01,$0.01,0
DeSantis,10/11/2024 12:00:00 AM,$0.01,$0.01,$0.01,$0.01,41
Trump,10/11/2024 12:00:00 AM,$0.54,$0.55,$0.53,$0.55,73211
Biden,10/11/2024 12:00:00 AM,$0.01,$0.01,$0.01,$0.01,1683
Harris,10/11/2024 12:00:00 AM,$0.50,$0.52,$0.49,$0.49,56459
Buttigieg,10/11/2024 12:00:00 AM,$0.01,$0.01,$0.01,$0.01,0
Newsom,10/11/2024 12:00:00 AM,$0.01,$0.01,$0.01,$0.01,1230
Ramaswamy,10/11/2024 12:00:00 AM,$0.01,$0.01,$0.01,$0.01,1
Scott,10/11/2024 12:00:00 AM,$0.01,$0.01,$0.01,$0.01,0
RFK Jr.,10/11/2024 12:00:00 AM,$0.01,$0.01,$0.01,$0.01,592
Haley,10/11/2024 12:00:00 AM,$0.01,$0.01,$0.01,$0.01,0
DeSantis,10/12/2024 12:00:00 AM,$0.01,$0.01,$0.01,$0.01,100
Trump,10/12/2024 12:00:00 AM,$0.55,$0.55,$0.54,$0.55,54026
Biden,10/12/2024 12:00:00 AM,$0.01,$0.01,$0.01,$0.01,1484
Harris,10/12/2024 12:00:00 AM,$0.49,$0.50,$0.48,$0.49,35769
Buttigieg,10/12/2024 12:00:00 AM,$0.01,$0.01,$0.01,$0.01,0
Newsom,10/12/2024 12:00:00 AM,$0.01,$0.01,$0.01,$0.01,0
Ramaswamy,10/12/2024 12:00:00 AM,$0.01,$0.01,$0.01,$0.01,0
Scott,10/12/2024 12:00:00 AM,$0.01,$0.01,$0.01,$0.01,100
RFK Jr.,10/12/2024 12:00:00 AM,$0.01,$0.01,$0.01,$0.01,886
Haley,10/12/2024 12:00:00 AM,$0.01,$0.01,$0.01,$0.01,0
DeSantis,10/13/2024 12:00:00 AM,$0.01,$0.01,$0.01,$0.01,1
Trump,10/13/2024 12:00:00 AM,$0.55,$0.55,$0.53,$0.53,30250
Biden,10/13/2024 12:00:00 AM,$0.01,$0.01,$0.01,$0.01,300
Harris,10/13/2024 12:00:00 AM,$0.49,$0.50,$0.49,$0.49,23128
Buttigieg,10/13/2024 12:00:00 AM,$0.01,$0.01,$0.01,$0.01,0
Newsom,10/13/2024 12:00:00 AM,$0.01,$0.02,$0.01,$0.01,864
Ramaswamy,10/13/2024 12:00:00 AM,$0.01,$0.01,$0.01,$0.01,0
Scott,10/13/2024 12:00:00 AM,$0.01,$0.01,$0.01,$0.01,0
RFK Jr.,10/13/2024 12:00:00 AM,$0.01,$0.01,$0.01,$0.01,9
Haley,10/13/2024 12:00:00 AM,$0.01,$0.01,$0.01,$0.01,25
DeSantis,10/14/2024 12:00:00 AM,$0.01,$0.01,$0.01,$0.01,0
Trump,10/14/2024 12:00:00 AM,$0.53,$0.54,$0.53,$0.54,33944
Biden,10/14/2024 12:00:00 AM,$0.01,$0.01,$0.01,$0.01,746
Harris,10/14/2024 12:00:00 AM,$0.49,$0.50,$0.48,$0.49,44226
Buttigieg,10/14/2024 12:00:00 AM,$0.01,$0.01,$0.01,$0.01,0
Newsom,10/14/2024 12:00:00 AM,$0.01,$0.01,$0.01,$0.01,26
Ramaswamy,10/14/2024 12:00:00 AM,$0.01,$0.01,$0.01,$0.01,0
Scott,10/14/2024 12:00:00 AM,$0.01,$0.01,$0.01,$0.01,0
RFK Jr.,10/14/2024 12:00:00 AM,$0.01,$0.01,$0.01,$0.01,0
Haley,10/14/2024 12:00:00 AM,$0.01,$0.01,$0.01,$0.01,25
DeSantis,10/15/2024 12:00:00 AM,$0.01,$0.01,$0.01,$0.01,0
Trump,10/15/2024 12:00:00 AM,$0.54,$0.55,$0.53,$0.54,72172
Biden,10/15/2024 12:00:00 AM,$0.01,$0.01,$0.01,$0.01,1537
Harris,10/15/2024 12:00:00 AM,$0.49,$0.51,$0.49,$0.50,63994
Buttigieg,10/15/2024 12:00:00 AM,$0.01,$0.01,$0.01,$0.01,1
Newsom,10/15/2024 12:00:00 AM,$0.01,$0.01,$0.01,$0.01,0
Ramaswamy,10/15/2024 12:00:00 AM,$0.01,$0.01,$0.01,$0.01,0
Scott,10/15/2024 12:00:00 AM,$0.01,$0.01,$0.01,$0.01,0
RFK Jr.,10/15/2024 12:00:00 AM,$0.01,$0.01,$0.01,$0.01,26
Haley,10/15/2024 12:00:00 AM,$0.01,$0.01,$0.01,$0.01,25
DeSantis,10/16/2024 12:00:00 AM,$0.01,$0.01,$0.01,$0.01,965
Trump,10/16/2024 12:00:00 AM,$0.54,$0.55,$0.53,$0.54,95434
Biden,10/16/2024 12:00:00 AM,$0.01,$0.01,$0.01,$0.01,1159
Harris,10/16/2024 12:00:00 AM,$0.50,$0.51,$0.49,$0.49,68288
Buttigieg,10/16/2024 12:00:00 AM,$0.01,$0.01,$0.01,$0.01,1024
Newsom,10/16/2024 12:00:00 AM,$0.01,$0.01,$0.01,$0.01,2877
Ramaswamy,10/16/2024 12:00:00 AM,$0.01,$0.01,$0.01,$0.01,0
Scott,10/16/2024 12:00:00 AM,$0.01,$0.01,$0.01,$0.01,1
RFK Jr.,10/16/2024 12:00:00 AM,$0.01,$0.01,$0.01,$0.01,1812
Haley,10/16/2024 12:00:00 AM,$0.01,$0.01,$0.01,$0.01,1088
DeSantis,10/17/2024 12:00:00 AM,$0.01,$0.01,$0.01,$0.01,161
Trump,10/17/2024 12:00:00 AM,$0.54,$0.57,$0.53,$0.55,93807
Biden,10/17/2024 12:00:00 AM,$0.01,$0.01,$0.01,$0.01,0
Harris,10/17/2024 12:00:00 AM,$0.49,$0.50,$0.46,$0.48,107180
Buttigieg,10/17/2024 12:00:00 AM,$0.01,$0.01,$0.01,$0.01,0
Newsom,10/17/2024 12:00:00 AM,$0.01,$0.02,$0.01,$0.02,10378
Ramaswamy,10/17/2024 12:00:00 AM,$0.01,$0.01,$0.01,$0.01,0
Scott,10/17/2024 12:00:00 AM,$0.01,$0.01,$0.01,$0.01,0
RFK Jr.,10/17/2024 12:00:00 AM,$0.01,$0.01,$0.01,$0.01,1046
Haley,10/17/2024 12:00:00 AM,$0.01,$0.01,$0.01,$0.01,150
DeSantis,10/18/2024 12:00:00 AM,$0.01,$0.01,$0.01,$0.01,2
Trump,10/18/2024 12:00:00 AM,$0.55,$0.56,$0.55,$0.55,73382
Biden,10/18/2024 12:00:00 AM,$0.01,$0.01,$0.01,$0.01,775
Harris,10/18/2024 12:00:00 AM,$0.48,$0.49,$0.47,$0.48,65491
Buttigieg,10/18/2024 12:00:00 AM,$0.01,$0.01,$0.01,$0.01,6
Newsom,10/18/2024 12:00:00 AM,$0.02,$0.02,$0.01,$0.01,4156
Ramaswamy,10/18/2024 12:00:00 AM,$0.01,$0.01,$0.01,$0.01,1
Scott,10/18/2024 12:00:00 AM,$0.01,$0.01,$0.01,$0.01,1
RFK Jr.,10/18/2024 12:00:00 AM,$0.01,$0.01,$0.01,$0.01,101
Haley,10/18/2024 12:00:00 AM,$0.01,$0.01,$0.01,$0.01,1
DeSantis,10/19/2024 12:00:00 AM,$0.01,$0.01,$0.01,$0.01,0
Trump,10/19/2024 12:00:00 AM,$0.55,$0.56,$0.55,$0.55,33092
Biden,10/19/2024 12:00:00 AM,$0.01,$0.01,$0.01,$0.01,0
Harris,10/19/2024 12:00:00 AM,$0.48,$0.50,$0.48,$0.48,37540
Buttigieg,10/19/2024 12:00:00 AM,$0.01,$0.01,$0.01,$0.01,0
Newsom,10/19/2024 12:00:00 AM,$0.01,$0.02,$0.01,$0.01,2445
Ramaswamy,10/19/2024 12:00:00 AM,$0.01,$0.01,$0.01,$0.01,1
Scott,10/19/2024 12:00:00 AM,$0.01,$0.01,$0.01,$0.01,1
RFK Jr.,10/19/2024 12:00:00 AM,$0.01,$0.01,$0.01,$0.01,0
Haley,10/19/2024 12:00:00 AM,$0.01,$0.01,$0.01,$0.01,0
DeSantis,10/20/2024 12:00:00 AM,$0.01,$0.01,$0.01,$0.01,500
Trump,10/20/2024 12:00:00 AM,$0.55,$0.56,$0.55,$0.56,47327
Biden,10/20/2024 12:00:00 AM,$0.01,$0.01,$0.01,$0.01,21
Harris,10/20/2024 12:00:00 AM,$0.48,$0.49,$0.48,$0.49,38756
Buttigieg,10/20/2024 12:00:00 AM,$0.01,$0.01,$0.01,$0.01,0
Newsom,10/20/2024 12:00:00 AM,$0.01,$0.01,$0.01,$0.01,20
Ramaswamy,10/20/2024 12:00:00 AM,$0.01,$0.01,$0.01,$0.01,0
Scott,10/20/2024 12:00:00 AM,$0.01,$0.01,$0.01,$0.01,250
RFK Jr.,10/20/2024 12:00:00 AM,$0.01,$0.01,$0.01,$0.01,125
Haley,10/20/2024 12:00:00 AM,$0.01,$0.01,$0.01,$0.01,500
DeSantis,10/21/2024 12:00:00 AM,$0.01,$0.01,$0.01,$0.01,2846
Trump,10/21/2024 12:00:00 AM,$0.56,$0.59,$0.55,$0.58,100371
Biden,10/21/2024 12:00:00 AM,$0.01,$0.01,$0.01,$0.01,2517
Harris,10/21/2024 12:00:00 AM,$0.49,$0.49,$0.45,$0.45,66502
Buttigieg,10/21/2024 12:00:00 AM,$0.01,$0.01,$0.01,$0.01,858
Newsom,10/21/2024 12:00:00 AM,$0.01,$0.02,$0.01,$0.01,2449
Ramaswamy,10/21/2024 12:00:00 AM,$0.01,$0.01,$0.01,$0.01,967
Scott,10/21/2024 12:00:00 AM,$0.01,$0.01,$0.01,$0.01,1
RFK Jr.,10/21/2024 12:00:00 AM,$0.01,$0.01,$0.01,$0.01,1076
Haley,10/21/2024 12:00:00 AM,$0.01,$0.01,$0.01,$0.01,2
DeSantis,10/22/2024 12:00:00 AM,$0.01,$0.01,$0.01,$0.01,180
Trump,10/22/2024 12:00:00 AM,$0.58,$0.60,$0.57,$0.59,130830
Biden,10/22/2024 12:00:00 AM,$0.01,$0.01,$0.01,$0.01,2479
Harris,10/22/2024 12:00:00 AM,$0.45,$0.46,$0.44,$0.44,120581
Buttigieg,10/22/2024 12:00:00 AM,$0.01,$0.01,$0.01,$0.01,0
Newsom,10/22/2024 12:00:00 AM,$0.01,$0.01,$0.01,$0.01,247
Ramaswamy,10/22/2024 12:00:00 AM,$0.01,$0.01,$0.01,$0.01,0
Scott,10/22/2024 12:00:00 AM,$0.01,$0.01,$0.01,$0.01,0
RFK Jr.,10/22/2024 12:00:00 AM,$0.01,$0.01,$0.01,$0.01,868
Haley,10/22/2024 12:00:00 AM,$0.01,$0.01,$0.01,$0.01,0
DeSantis,10/23/2024 12:00:00 AM,$0.01,$0.01,$0.01,$0.01,4
Trump,10/23/2024 12:00:00 AM,$0.59,$0.61,$0.56,$0.58,137488
Biden,10/23/2024 12:00:00 AM,$0.01,$0.01,$0.01,$0.01,43977
Harris,10/23/2024 12:00:00 AM,$0.44,$0.49,$0.41,$0.48,144731
Buttigieg,10/23/2024 12:00:00 AM,$0.01,$0.01,$0.01,$0.01,0
Newsom,10/23/2024 12:00:00 AM,$0.01,$0.02,$0.01,$0.02,2797
Ramaswamy,10/23/2024 12:00:00 AM,$0.01,$0.01,$0.01,$0.01,0
Scott,10/23/2024 12:00:00 AM,$0.01,$0.01,$0.01,$0.01,0
RFK Jr.,10/23/2024 12:00:00 AM,$0.01,$0.01,$0.01,$0.01,11728
Haley,10/23/2024 12:00:00 AM,$0.01,$0.01,$0.01,$0.01,1716
DeSantis,10/24/2024 12:00:00 AM,$0.01,$0.01,$0.01,$0.01,0
Trump,10/24/2024 12:00:00 AM,$0.58,$0.60,$0.57,$0.58,104747
Biden,10/24/2024 12:00:00 AM,$0.01,$0.01,$0.01,$0.01,479
Harris,10/24/2024 12:00:00 AM,$0.48,$0.48,$0.43,$0.44,95632
Buttigieg,10/24/2024 12:00:00 AM,$0.01,$0.01,$0.01,$0.01,0
Newsom,10/24/2024 12:00:00 AM,$0.02,$0.02,$0.01,$0.01,314
Ramaswamy,10/24/2024 12:00:00 AM,$0.01,$0.01,$0.01,$0.01,0
Scott,10/24/2024 12:00:00 AM,$0.01,$0.01,$0.01,$0.01,0
RFK Jr.,10/24/2024 12:00:00 AM,$0.01,$0.01,$0.01,$0.01,1
Haley,10/24/2024 12:00:00 AM,$0.01,$0.01,$0.01,$0.01,0
DeSantis,10/25/2024 12:00:00 AM,$0.01,$0.01,$0.01,$0.01,859
Trump,10/25/2024 12:00:00 AM,$0.58,$0.62,$0.58,$0.62,91257
Biden,10/25/2024 12:00:00 AM,$0.01,$0.01,$0.01,$0.01,1046
Harris,10/25/2024 12:00:00 AM,$0.44,$0.45,$0.42,$0.44,101347
Buttigieg,10/25/2024 12:00:00 AM,$0.01,$0.01,$0.01,$0.01,868
Newsom,10/25/2024 12:00:00 AM,$0.01,$0.01,$0.01,$0.01,906
Ramaswamy,10/25/2024 12:00:00 AM,$0.01,$0.01,$0.01,$0.01,914
Scott,10/25/2024 12:00:00 AM,$0.01,$0.01,$0.01,$0.01,859
RFK Jr.,10/25/2024 12:00:00 AM,$0.01,$0.01,$0.01,$0.01,869
Haley,10/25/2024 12:00:00 AM,$0.01,$0.01,$0.01,$0.01,914
DeSantis,10/26/2024 12:00:00 AM,$0.01,$0.01,$0.01,$0.01,3
Trump,10/26/2024 12:00:00 AM,$0.62,$0.62,$0.60,$0.62,72497
Biden,10/26/2024 12:00:00 AM,$0.01,$0.01,$0.01,$0.01,1486
Harris,10/26/2024 12:00:00 AM,$0.44,$0.44,$0.42,$0.43,56061
Buttigieg,10/26/2024 12:00:00 AM,$0.01,$0.01,$0.01,$0.01,1
Newsom,10/26/2024 12:00:00 AM,$0.01,$0.01,$0.01,$0.01,1
Ramaswamy,10/26/2024 12:00:00 AM,$0.01,$0.01,$0.01,$0.01,0
Scott,10/26/2024 12:00:00 AM,$0.01,$0.01,$0.01,$0.01,0
RFK Jr.,10/26/2024 12:00:00 AM,$0.01,$0.01,$0.01,$0.01,74
Haley,10/26/2024 12:00:00 AM,$0.01,$0.01,$0.01,$0.01,0
DeSantis,10/27/2024 12:00:00 AM,$0.01,$0.01,$0.01,$0.01,0
Trump,10/27/2024 12:00:00 AM,$0.62,$0.63,$0.60,$0.61,84663
Biden,10/27/2024 12:00:00 AM,$0.01,$0.01,$0.01,$0.01,983
Harris,10/27/2024 12:00:00 AM,$0.43,$0.44,$0.42,$0.42,58446
Buttigieg,10/27/2024 12:00:00 AM,$0.01,$0.01,$0.01,$0.01,0
Newsom,10/27/2024 12:00:00 AM,$0.01,$0.01,$0.01,$0.01,276
Ramaswamy,10/27/2024 12:00:00 AM,$0.01,$0.01,$0.01,$0.01,0
Scott,10/27/2024 12:00:00 AM,$0.01,$0.01,$0.01,$0.01,0
RFK Jr.,10/27/2024 12:00:00 AM,$0.01,$0.01,$0.01,$0.01,913
Haley,10/27/2024 12:00:00 AM,$0.01,$0.01,$0.01,$0.01,858
DeSantis,10/28/2024 12:00:00 AM,$0.01,$0.01,$0.01,$0.01,1
Trump,10/28/2024 12:00:00 AM,$0.61,$0.61,$0.59,$0.59,116465
Biden,10/28/2024 12:00:00 AM,$0.01,$0.01,$0.01,$0.01,155
Harris,10/28/2024 12:00:00 AM,$0.42,$0.47,$0.42,$0.45,130434
Buttigieg,10/28/2024 12:00:00 AM,$0.01,$0.01,$0.01,$0.01,1
Newsom,10/28/2024 12:00:00 AM,$0.01,$0.01,$0.01,$0.01,0
Ramaswamy,10/28/2024 12:00:00 AM,$0.01,$0.01,$0.01,$0.01,1
Scott,10/28/2024 12:00:00 AM,$0.01,$0.01,$0.01,$0.01,0
RFK Jr.,10/28/2024 12:00:00 AM,$0.01,$0.01,$0.01,$0.01,8
Haley,10/28/2024 12:00:00 AM,$0.01,$0.01,$0.01,$0.01,0
DeSantis,10/29/2024 12:00:00 AM,$0.01,$0.01,$0.01,$0.01,1
Trump,10/29/2024 12:00:00 AM,$0.59,$0.61,$0.59,$0.60,130801
Biden,10/29/2024 12:00:00 AM,$0.01,$0.01,$0.01,$0.01,165
Harris,10/29/2024 12:00:00 AM,$0.45,$0.47,$0.44,$0.46,128190
Buttigieg,10/29/2024 12:00:00 AM,$0.01,$0.01,$0.01,$0.01,0
Newsom,10/29/2024 12:00:00 AM,$0.01,$0.01,$0.01,$0.01,11
Ramaswamy,10/29/2024 12:00:00 AM,$0.01,$0.01,$0.01,$0.01,0
Scott,10/29/2024 12:00:00 AM,$0.01,$0.01,$0.01,$0.01,0
RFK Jr.,10/29/2024 12:00:00 AM,$0.01,$0.01,$0.01,$0.01,111
Haley,10/29/2024 12:00:00 AM,$0.01,$0.01,$0.01,$0.01,10
DeSantis,10/30/2024 12:00:00 AM,$0.01,$0.01,$0.01,$0.01,500
Trump,10/30/2024 12:00:00 AM,$0.60,$0.61,$0.56,$0.58,137522
Biden,10/30/2024 12:00:00 AM,$0.01,$0.01,$0.01,$0.01,709
Harris,10/30/2024 12:00:00 AM,$0.46,$0.48,$0.46,$0.47,143714
Buttigieg,10/30/2024 12:00:00 AM,$0.01,$0.01,$0.01,$0.01,0
Newsom,10/30/2024 12:00:00 AM,$0.01,$0.01,$0.01,$0.01,195
Ramaswamy,10/30/2024 12:00:00 AM,$0.01,$0.01,$0.01,$0.01,500
Scott,10/30/2024 12:00:00 AM,$0.01,$0.01,$0.01,$0.01,0
RFK Jr.,10/30/2024 12:00:00 AM,$0.01,$0.01,$0.01,$0.01,12
Haley,10/30/2024 12:00:00 AM,$0.01,$0.01,$0.01,$0.01,500
DeSantis,10/31/2024 12:00:00 AM,$0.01,$0.01,$0.01,$0.01,0
Trump,10/31/2024 12:00:00 AM,$0.58,$0.59,$0.55,$0.55,118116
Biden,10/31/2024 12:00:00 AM,$0.01,$0.01,$0.01,$0.01,456
Harris,10/31/2024 12:00:00 AM,$0.47,$0.50,$0.47,$0.49,112934
Buttigieg,10/31/2024 12:00:00 AM,$0.01,$0.01,$0.01,$0.01,0
Newsom,10/31/2024 12:00:00 AM,$0.01,$0.01,$0.01,$0.01,1147
Ramaswamy,10/31/2024 12:00:00 AM,$0.01,$0.01,$0.01,$0.01,57
Scott,10/31/2024 12:00:00 AM,$0.01,$0.01,$0.01,$0.01,0
RFK Jr.,10/31/2024 12:00:00 AM,$0.01,$0.01,$0.01,$0.01,244
Haley,10/31/2024 12:00:00 AM,$0.01,$0.01,$0.01,$0.01,300
DeSantis,11/1/2024 12:00:00 AM,$0.01,$0.01,$0.01,$0.01,0
Trump,11/1/2024 12:00:00 AM,$0.55,$0.56,$0.52,$0.52,180082
Biden,11/1/2024 12:00:00 AM,$0.01,$0.01,$0.01,$0.01,1445
Harris,11/1/2024 12:00:00 AM,$0.49,$0.55,$0.48,$0.53,182317
Buttigieg,11/1/2024 12:00:00 AM,$0.01,$0.01,$0.01,$0.01,0
Newsom,11/1/2024 12:00:00 AM,$0.01,$0.02,$0.01,$0.01,1573
Ramaswamy,11/1/2024 12:00:00 AM,$0.01,$0.01,$0.01,$0.01,0
Scott,11/1/2024 12:00:00 AM,$0.01,$0.01,$0.01,$0.01,0
RFK Jr.,11/1/2024 12:00:00 AM,$0.01,$0.01,$0.01,$0.01,9
Haley,11/1/2024 12:00:00 AM,$0.01,$0.01,$0.01,$0.01,195
DeSantis,11/2/2024 12:00:00 AM,$0.01,$0.01,$0.01,$0.01,414
Trump,11/2/2024 12:00:00 AM,$0.52,$0.54,$0.48,$0.48,136124
Biden,11/2/2024 12:00:00 AM,$0.01,$0.01,$0.01,$0.01,2124
Harris,11/2/2024 12:00:00 AM,$0.53,$0.58,$0.51,$0.56,230254
Buttigieg,11/2/2024 12:00:00 AM,$0.01,$0.01,$0.01,$0.01,850
Newsom,11/2/2024 12:00:00 AM,$0.01,$0.01,$0.01,$0.01,1067
Ramaswamy,11/2/2024 12:00:00 AM,$0.01,$0.01,$0.01,$0.01,0
Scott,11/2/2024 12:00:00 AM,$0.01,$0.01,$0.01,$0.01,0
RFK Jr.,11/2/2024 12:00:00 AM,$0.01,$0.01,$0.01,$0.01,901
Haley,11/2/2024 12:00:00 AM,$0.01,$0.01,$0.01,$0.01,851
DeSantis,11/3/2024 12:00:00 AM,$0.01,$0.01,$0.01,$0.01,7
Trump,11/3/2024 12:00:00 AM,$0.48,$0.53,$0.46,$0.52,102127
Biden,11/3/2024 12:00:00 AM,$0.01,$0.01,$0.01,$0.01,46214
Harris,11/3/2024 12:00:00 AM,$0.56,$0.57,$0.52,$0.53,213587
Buttigieg,11/3/2024 12:00:00 AM,$0.01,$0.01,$0.01,$0.01,1
Newsom,11/3/2024 12:00:00 AM,$0.01,$0.01,$0.01,$0.01,1726
Ramaswamy,11/3/2024 12:00:00 AM,$0.01,$0.01,$0.01,$0.01,884
Scott,11/3/2024 12:00:00 AM,$0.01,$0.01,$0.01,$0.01,0
RFK Jr.,11/3/2024 12:00:00 AM,$0.01,$0.01,$0.01,$0.01,962
Haley,11/3/2024 12:00:00 AM,$0.01,$0.01,$0.01,$0.01,859
DeSantis,11/4/2024 12:00:00 AM,$0.01,$0.01,$0.01,$0.01,4
Trump,11/4/2024 12:00:00 AM,$0.53,$0.55,$0.50,$0.54,169561
Biden,11/4/2024 12:00:00 AM,$0.01,$0.01,$0.01,$0.01,1344
Harris,11/4/2024 12:00:00 AM,$0.54,$0.56,$0.52,$0.53,179832
Buttigieg,11/4/2024 12:00:00 AM,$0.01,$0.01,$0.01,$0.01,0
Newsom,11/4/2024 12:00:00 AM,$0.01,$0.01,$0.01,$0.01,976
Ramaswamy,11/4/2024 12:00:00 AM,$0.01,$0.01,$0.01,$0.01,0
Scott,11/4/2024 12:00:00 AM,$0.01,$0.01,$0.01,$0.01,0
RFK Jr.,11/4/2024 12:00:00 AM,$0.01,$0.01,$0.01,$0.01,1421
Haley,11/4/2024 12:00:00 AM,$0.01,$0.01,$0.01,$0.01,0
DeSantis,11/5/2024 12:00:00 AM,$0.01,$0.01,$0.01,$0.01,2429
Trump,11/5/2024 12:00:00 AM,$0.54,$0.95,$0.52,$0.94,686058
Biden,11/5/2024 12:00:00 AM,$0.01,$0.01,$0.01,$0.01,5474
Harris,11/5/2024 12:00:00 AM,$0.53,$0.57,$0.05,$0.07,784900
Buttigieg,11/5/2024 12:00:00 AM,$0.01,$0.01,$0.01,$0.01,1717
Newsom,11/5/2024 12:00:00 AM,$0.01,$0.01,$0.01,$0.01,6176
Ramaswamy,11/5/2024 12:00:00 AM,$0.01,$0.01,$0.01,$0.01,994
Scott,11/5/2024 12:00:00 AM,$0.01,$0.01,$0.01,$0.01,0
RFK Jr.,11/5/2024 12:00:00 AM,$0.01,$0.01,$0.01,$0.01,7114
Haley,11/5/2024 12:00:00 AM,$0.01,$0.01,$0.01,$0.01,3507
DeSantis,11/6/2024 12:00:00 AM,$0.01,$0.01,$0.01,$0.01,2058
Trump,11/6/2024 12:00:00 AM,$0.94,$0.99,$0.90,$0.98,1113694
Biden,11/6/2024 12:00:00 AM,$0.01,$0.01,$0.01,$0.01,11991
Harris,11/6/2024 12:00:00 AM,$0.07,$0.13,$0.01,$0.02,866107
Buttigieg,11/6/2024 12:00:00 AM,$0.01,$0.01,$0.01,$0.01,2942
Newsom,11/6/2024 12:00:00 AM,$0.01,$0.01,$0.01,$0.01,10260
Ramaswamy,11/6/2024 12:00:00 AM,$0.01,$0.01,$0.01,$0.01,1044
Scott,11/6/2024 12:00:00 AM,$0.01,$0.01,$0.01,$0.01,2
RFK Jr.,11/6/2024 12:00:00 AM,$0.01,$0.01,$0.01,$0.01,11368
Haley,11/6/2024 12:00:00 AM,$0.01,$0.01,$0.01,$0.01,6542
DeSantis,11/7/2024 12:00:00 AM,$0.01,$0.01,$0.01,$0.01,385
Trump,11/7/2024 12:00:00 AM,$0.98,$0.98,$0.97,$0.98,208159
Biden,11/7/2024 12:00:00 AM,$0.01,$0.01,$0.01,$0.01,3845
Harris,11/7/2024 12:00:00 AM,$0.02,$0.02,$0.01,$0.01,134677
Buttigieg,11/7/2024 12:00:00 AM,$0.01,$0.01,$0.01,$0.01,483
Newsom,11/7/2024 12:00:00 AM,$0.01,$0.01,$0.01,$0.01,2775
Ramaswamy,11/7/2024 12:00:00 AM,$0.01,$0.01,$0.01,$0.01,0
Scott,11/7/2024 12:00:00 AM,$0.01,$0.01,$0.01,$0.01,55
RFK Jr.,11/7/2024 12:00:00 AM,$0.01,$0.01,$0.01,$0.01,3823
Haley,11/7/2024 12:00:00 AM,$0.01,$0.01,$0.01,$0.01,2410
DeSantis,11/8/2024 12:00:00 AM,$0.01,$0.01,$0.01,$0.01,47
Trump,11/8/2024 12:00:00 AM,$0.98,$0.98,$0.97,$0.97,106788
Biden,11/8/2024 12:00:00 AM,$0.01,$0.01,$0.01,$0.01,3432
Harris,11/8/2024 12:00:00 AM,$0.01,$0.02,$0.01,$0.02,54031
Buttigieg,11/8/2024 12:00:00 AM,$0.01,$0.01,$0.01,$0.01,1
Newsom,11/8/2024 12:00:00 AM,$0.01,$0.01,$0.01,$0.01,237
Ramaswamy,11/8/2024 12:00:00 AM,$0.01,$0.01,$0.01,$0.01,0
Scott,11/8/2024 12:00:00 AM,$0.01,$0.01,$0.01,$0.01,0
RFK Jr.,11/8/2024 12:00:00 AM,$0.01,$0.01,$0.01,$0.01,737
Haley,11/8/2024 12:00:00 AM,$0.01,$0.01,$0.01,$0.01,142
DeSantis,11/9/2024 12:00:00 AM,$0.01,$0.01,$0.01,$0.01,0
Trump,11/9/2024 12:00:00 AM,$0.97,$0.98,$0.97,$0.98,66756
Biden,11/9/2024 12:00:00 AM,$0.01,$0.01,$0.01,$0.01,494
Harris,11/9/2024 12:00:00 AM,$0.02,$0.02,$0.01,$0.02,41527
Buttigieg,11/9/2024 12:00:00 AM,$0.01,$0.01,$0.01,$0.01,0
Newsom,11/9/2024 12:00:00 AM,$0.01,$0.01,$0.01,$0.01,155
Ramaswamy,11/9/2024 12:00:00 AM,$0.01,$0.01,$0.01,$0.01,0
Scott,11/9/2024 12:00:00 AM,$0.01,$0.01,$0.01,$0.01,0
RFK Jr.,11/9/2024 12:00:00 AM,$0.01,$0.01,$0.01,$0.01,190
Haley,11/9/2024 12:00:00 AM,$0.01,$0.01,$0.01,$0.01,105
DeSantis,11/10/2024 12:00:00 AM,$0.01,$0.01,$0.01,$0.01,0
Trump,11/10/2024 12:00:00 AM,$0.98,$0.98,$0.97,$0.98,47388
Biden,11/10/2024 12:00:00 AM,$0.01,$0.01,$0.01,$0.01,1083
Harris,11/10/2024 12:00:00 AM,$0.02,$0.02,$0.01,$0.02,27334
Buttigieg,11/10/2024 12:00:00 AM,$0.01,$0.01,$0.01,$0.01,1858
Newsom,11/10/2024 12:00:00 AM,$0.01,$0.01,$0.01,$0.01,1939
Ramaswamy,11/10/2024 12:00:00 AM,$0.01,$0.01,$0.01,$0.01,0
Scott,11/10/2024 12:00:00 AM,$0.01,$0.01,$0.01,$0.01,0
RFK Jr.,11/10/2024 12:00:00 AM,$0.01,$0.01,$0.01,$0.01,1346
Haley,11/10/2024 12:00:00 AM,$0.01,$0.01,$0.01,$0.01,909
DeSantis,11/11/2024 12:00:00 AM,$0.01,$0.01,$0.01,$0.01,1721
Trump,11/11/2024 12:00:00 AM,$0.98,$0.99,$0.97,$0.99,122809
Biden,11/11/2024 12:00:00 AM,$0.01,$0.01,$0.01,$0.01,3941
Harris,11/11/2024 12:00:00 AM,$0.02,$0.02,$0.01,$0.01,39085
Buttigieg,11/11/2024 12:00:00 AM,$0.01,$0.01,$0.01,$0.01,1725
Newsom,11/11/2024 12:00:00 AM,$0.01,$0.01,$0.01,$0.01,2755
Ramaswamy,11/11/2024 12:00:00 AM,$0.01,$0.01,$0.01,$0.01,1
Scott,11/11/2024 12:00:00 AM,$0.01,$0.01,$0.01,$0.01,858
RFK Jr.,11/11/2024 12:00:00 AM,$0.01,$0.01,$0.01,$0.01,4299
Haley,11/11/2024 12:00:00 AM,$0.01,$0.01,$0.01,$0.01,2418
DeSantis,11/12/2024 12:00:00 AM,$0.01,$0.01,$0.01,$0.01,74
Trump,11/12/2024 12:00:00 AM,$0.99,$0.99,$0.98,$0.99,53642
Biden,11/12/2024 12:00:00 AM,$0.01,$0.01,$0.01,$0.01,1003
Harris,11/12/2024 12:00:00 AM,$0.01,$0.02,$0.01,$0.01,43757
Buttigieg,11/12/2024 12:00:00 AM,$0.01,$0.01,$0.01,$0.01,100
Newsom,11/12/2024 12:00:00 AM,$0.01,$0.01,$0.01,$0.01,201
Ramaswamy,11/12/2024 12:00:00 AM,$0.01,$0.01,$0.01,$0.01,87
Scott,11/12/2024 12:00:00 AM,$0.01,$0.01,$0.01,$0.01,87
RFK Jr.,11/12/2024 12:00:00 AM,$0.01,$0.01,$0.01,$0.01,232
Haley,11/12/2024 12:00:00 AM,$0.01,$0.01,$0.01,$0.01,100
DeSantis,11/13/2024 12:00:00 AM,$0.01,$0.01,$0.01,$0.01,31
Trump,11/13/2024 12:00:00 AM,$0.99,$0.99,$0.98,$0.98,85164
Biden,11/13/2024 12:00:00 AM,$0.01,$0.01,$0.01,$0.01,167
Harris,11/13/2024 12:00:00 AM,$0.01,$0.02,$0.01,$0.01,68994
Buttigieg,11/13/2024 12:00:00 AM,$0.01,$0.01,$0.01,$0.01,4
Newsom,11/13/2024 12:00:00 AM,$0.01,$0.01,$0.01,$0.01,0
Ramaswamy,11/13/2024 12:00:00 AM,$0.01,$0.01,$0.01,$0.01,0
Scott,11/13/2024 12:00:00 AM,$0.01,$0.01,$0.01,$0.01,0
RFK Jr.,11/13/2024 12:00:00 AM,$0.01,$0.01,$0.01,$0.01,0
Haley,11/13/2024 12:00:00 AM,$0.01,$0.01,$0.01,$0.01,0
DeSantis,11/14/2024 12:00:00 AM,$0.01,$0.01,$0.01,$0.01,0
Trump,11/14/2024 12:00:00 AM,$0.98,$0.99,$0.97,$0.98,113740
Biden,11/14/2024 12:00:00 AM,$0.01,$0.01,$0.01,$0.01,251
Harris,11/14/2024 12:00:00 AM,$0.01,$0.02,$0.01,$0.02,42608
Buttigieg,11/14/2024 12:00:00 AM,$0.01,$0.01,$0.01,$0.01,25
Newsom,11/14/2024 12:00:00 AM,$0.01,$0.01,$0.01,$0.01,580
Ramaswamy,11/14/2024 12:00:00 AM,$0.01,$0.01,$0.01,$0.01,0
Scott,11/14/2024 12:00:00 AM,$0.01,$0.01,$0.01,$0.01,0
RFK Jr.,11/14/2024 12:00:00 AM,$0.01,$0.01,$0.01,$0.01,805
Haley,11/14/2024 12:00:00 AM,$0.01,$0.01,$0.01,$0.01,858
